INSERT INTO USER (UserID,EmailAdd,Name,Password,Role,Username) values (1,'test1@osu.edu','abhinav','abhinav','S','abhinav');
INSERT INTO USER (UserID,EmailAdd,Name,Password,Role,Username) values (2,'test2@osu.edu','ray','ray','S','ray');
INSERT INTO USER (UserID,EmailAdd,Name,Password,Role,Username) values (3,'test2@osu.edu','teacher','teacher','I','teacher');

INSERT INTO COURSE (COURSEID, COURSENAME) VALUES (1100, 'Mobile Class');
INSERT INTO COURSE (COURSEID, COURSENAME) VALUES (1200, 'JAVA Class');
INSERT INTO COURSE (COURSEID, COURSENAME) VALUES (1300, 'C++ Class');
INSERT INTO COURSE (COURSEID, COURSENAME) VALUES (2100, 'DATABASE Class');
INSERT INTO COURSE (COURSEID, COURSENAME) VALUES (2200, 'NETWORKING Class');

INSERT INTO SEAT(SEATID,COURSEID,USERID) VALUES ( 1, '1100', 1);
INSERT INTO SEAT(SEATID,COURSEID,USERID) VALUES ( 2, '1200', 1);
INSERT INTO SEAT(SEATID,COURSEID,USERID) VALUES ( 3, '1300', 1);
INSERT INTO SEAT(SEATID,COURSEID,USERID) VALUES ( 4, '2100', 2);
INSERT INTO SEAT(SEATID,COURSEID,USERID) VALUES ( 5, '2200', 2);

INSERT INTO SEAT(SEATID,COURSEID,USERID) VALUES ( 6, '1100', 3);
INSERT INTO SEAT(SEATID,COURSEID,USERID) VALUES ( 7, '1200', 3);
INSERT INTO SEAT(SEATID,COURSEID,USERID) VALUES ( 8, '1300', 3);
INSERT INTO SEAT(SEATID,COURSEID,USERID) VALUES ( 9, '2100', 3);
INSERT INTO SEAT(SEATID,COURSEID,USERID) VALUES ( 10, '2200', 3);

INSERT INTO ASSIGNMENT (ASSIGNMENTID,ASSIGNMENTNAME,ASSIGNMENTTYPE,CONFIGURATIONFILE,COURSEID,DIRECTORY,MAXPOINTS) VALUES (1,'HW1','Homework','config,txt','1100','C:\',100);
INSERT INTO ASSIGNMENT (ASSIGNMENTID,ASSIGNMENTNAME,ASSIGNMENTTYPE,CONFIGURATIONFILE,COURSEID,DIRECTORY,MAXPOINTS) VALUES (2,'HW2','Homework','config,txt','1100','C:\',100);
INSERT INTO ASSIGNMENT (ASSIGNMENTID,ASSIGNMENTNAME,ASSIGNMENTTYPE,CONFIGURATIONFILE,COURSEID,DIRECTORY,MAXPOINTS) VALUES (3,'HW3','Homework','config,txt','1100','C:\',100);
INSERT INTO ASSIGNMENT (ASSIGNMENTID,ASSIGNMENTNAME,ASSIGNMENTTYPE,CONFIGURATIONFILE,COURSEID,DIRECTORY,MAXPOINTS) VALUES (4,'HW4','Homework','config,txt','1100','C:\',100);

